Algorithm,n,t
BINARY,100,6.643856189774724
BINARY,1000,9.965784284662087
BINARY,10000,13.287712379549449
BINARY,100000,16.609640474436812
LINEAR,1000,10.0
LINEAR,10000,100.0
LINEAR,100000,1000.0
LINEAR,1000000,10000.0
MERGE,1000,99.65784284662088
MERGE,10000,1328.771237954945
MERGE,100000,16609.640474436812
MERGE,1000000,199315.68569324174
BUBBLE,10,0.1
BUBBLE,50,2.5
BUBBLE,100,10.0
BUBBLE,500,250.0
BUBBLE,1000,1000.0
